Player ID,Rk,Player,Nation,Pos,Squad,Age,Born,MP,Starts,Min,90s,GA,GA90,SoTA,Saves,Save%,W,D,L,CS,CS%,PKatt,PKA,PKsv,PKm,Save%,Matches,Player Link
65d62814,1,Antonio Adán,es ESP,GK,pt Sporting CP,35,1987,5,5,382,4.2,5,1.18,21,16,81.0,2,1,2,2,40.0,1,1,0,0,0.0,Matches,https://fbref.com/en/players/65d62814/Antonio-Adan
7a2e46a8,2,Alisson,br BRA,GK,eng Liverpool,29,1992,8,8,720,8.0,12,1.50,28,15,60.7,5,0,3,3,37.5,2,1,1,0,50.0,Matches,https://fbref.com/en/players/7a2e46a8/Alisson
28d596a0,3,Kepa Arrizabalaga,es ESP,GK,eng Chelsea,27,1994,9,9,810,9.0,8,0.89,35,27,77.1,4,1,4,3,33.3,0,0,0,0,,Matches,https://fbref.com/en/players/28d596a0/Kepa-Arrizabalaga
663e080e,4,Janis Blaswich,de GER,GK,de RB Leipzig,31,1991,6,5,528,5.9,11,1.87,31,20,71.0,3,1,1,2,40.0,2,2,0,0,0.0,Matches,https://fbref.com/en/players/663e080e/Janis-Blaswich
f6798fc3,5,Yassine Bounou,ma MAR,GK,es Sevilla,31,1991,4,4,360,4.0,12,3.00,26,14,53.8,0,1,3,0,0.0,0,0,0,0,,Matches,https://fbref.com/en/players/f6798fc3/Yassine-Bounou
75c2e240,6,Josh Cohen,us USA,GK,il Maccabi Haifa,29,1992,6,6,540,6.0,21,3.50,42,22,50.0,1,0,5,1,16.7,0,0,0,0,,Matches,https://fbref.com/en/players/75c2e240/Josh-Cohen
93fffbcf,7,Diogo Costa,pt POR,GK,pt Porto,22,1999,8,8,720,8.0,8,1.00,38,28,81.6,4,1,3,4,50.0,4,1,3,0,75.0,Matches,https://fbref.com/en/players/93fffbcf/Diogo-Costa
1840e36d,8,Thibaut Courtois,be BEL,GK,es Real Madrid,30,1992,10,10,900,10.0,11,1.10,53,41,79.2,7,1,2,5,50.0,1,0,1,0,100.0,Matches,https://fbref.com/en/players/1840e36d/Thibaut-Courtois
ac295d9e,9,Marko Dmitrović,rs SRB,GK,es Sevilla,30,1992,2,2,180,2.0,0,0.00,4,4,100.0,1,1,0,2,100.0,0,0,0,0,,Matches,https://fbref.com/en/players/ac295d9e/Marko-Dmitrovic
08f5afaa,10,Gianluigi Donnarumma,it ITA,GK,fr Paris S-G,23,1999,8,8,720,8.0,10,1.25,35,26,74.3,4,2,2,0,0.0,1,1,0,0,0.0,Matches,https://fbref.com/en/players/08f5afaa/Gianluigi-Donnarumma
3bb7b8b4,11,Ederson,br BRA,GK,eng Manchester City,28,1993,11,11,990,11.0,4,0.36,31,27,90.3,7,4,0,7,63.6,1,1,0,0,0.0,Matches,https://fbref.com/en/players/3bb7b8b4/Ederson
c3e39f12,12,Fraser Forster,eng ENG,GK,eng Tottenham,34,1988,2,2,180,2.0,1,0.50,7,6,85.7,0,1,1,1,50.0,0,0,0,0,,Matches,https://fbref.com/en/players/c3e39f12/Fraser-Forster
62182b1d,13,Kamil Grabara,pl POL,GK,dk FC Copenhagen,23,1999,4,4,360,4.0,9,2.25,32,23,75.0,0,2,2,1,25.0,2,1,1,0,50.0,Matches,https://fbref.com/en/players/62182b1d/Kamil-Grabara
3f034750,14,Ivo Grbić,hr CRO,GK,es Atlético Madrid,26,1996,1,1,90,1.0,2,2.00,5,3,60.0,0,0,1,0,0.0,0,0,0,0,,Matches,https://fbref.com/en/players/3f034750/Ivo-Grbic
bcb2ccd8,15,Péter Gulácsi,hu HUN,GK,de RB Leipzig,32,1990,3,3,192,2.1,6,2.81,8,2,25.0,1,0,2,0,0.0,0,0,0,0,,Matches,https://fbref.com/en/players/bcb2ccd8/Peter-Gulacsi
cb4f24c6,16,Joe Hart,eng ENG,GK,sct Celtic,35,1987,6,6,540,6.0,15,2.50,31,16,58.1,0,2,4,0,0.0,2,2,0,0,0.0,Matches,https://fbref.com/en/players/cb4f24c6/Joe-Hart
ad3389d5,17,Lukáš Hrádecký,fi FIN,GK,de Leverkusen,32,1989,6,6,540,6.0,8,1.33,24,15,75.0,1,2,3,2,33.3,3,2,1,0,33.3,Matches,https://fbref.com/en/players/ad3389d5/Lukas-Hradecky
1f994616,18,Franco Israel,uy URU,GK,pt Sporting CP,22,2000,2,1,155,1.7,4,2.32,8,4,62.5,0,0,1,0,0.0,1,1,0,0,0.0,Matches,https://fbref.com/en/players/1f994616/Franco-Israel
cd59b9df,19,Gregor Kobel,ch SUI,GK,de Dortmund,24,1997,4,4,315,3.5,2,0.57,19,16,89.5,1,3,0,2,50.0,1,0,1,0,100.0,Matches,https://fbref.com/en/players/cd59b9df/Gregor-Kobel
ff74841d,20,Philipp Köhn,ch SUI,GK,at RB Salzburg,24,1998,6,6,540,6.0,9,1.50,30,21,70.0,1,3,2,1,16.7,0,0,0,0,,Matches,https://fbref.com/en/players/ff74841d/Philipp-Kohn
58f077c0,21,Dominik Livaković,hr CRO,GK,hr Dinamo Zagreb,27,1995,6,6,540,6.0,11,1.83,35,25,77.1,1,1,4,1,16.7,3,3,0,0,0.0,Matches,https://fbref.com/en/players/58f077c0/Dominik-Livakovic
8f62b6ee,22,Hugo Lloris,fr FRA,GK,eng Tottenham,35,1986,6,6,540,6.0,6,1.00,23,17,73.9,3,2,1,2,33.3,0,0,0,0,,Matches,https://fbref.com/en/players/8f62b6ee/Hugo-Lloris
20b9f052,23,Pau López,es ESP,GK,fr Marseille,27,1994,6,6,540,6.0,8,1.33,20,12,60.0,2,0,4,1,16.7,0,0,0,0,,Matches,https://fbref.com/en/players/20b9f052/Pau-Lopez
3061e1ec,24,Andriy Lunin,ua UKR,GK,es Real Madrid,23,1999,2,2,180,2.0,2,1.00,5,3,60.0,1,1,0,0,0.0,0,0,0,0,,Matches,https://fbref.com/en/players/3061e1ec/Andriy-Lunin
fcb38f57,25,Mike Maignan,fr FRA,GK,it Milan,27,1995,7,7,630,7.0,6,0.86,27,20,77.8,2,3,2,2,28.6,1,0,1,0,100.0,Matches,https://fbref.com/en/players/fcb38f57/Mike-Maignan
f3a97d02,26,Allan McGregor,sct SCO,GK,sct Rangers,40,1982,5,5,450,5.0,18,3.60,42,23,61.9,0,0,5,0,0.0,3,2,1,0,33.3,Matches,https://fbref.com/en/players/f3a97d02/Allan-McGregor
3b0108d6,27,Jon McLaughlin,sct SCO,GK,sct Rangers,34,1987,1,1,90,1.0,4,4.00,9,5,55.6,0,0,1,0,0.0,0,0,0,0,,Matches,https://fbref.com/en/players/3b0108d6/Jon-McLaughlin
33887998,28,Edouard Mendy,sn SEN,GK,eng Chelsea,30,1992,1,1,90,1.0,1,1.00,2,1,50.0,1,0,0,0,0.0,0,0,0,0,,Matches,https://fbref.com/en/players/33887998/Edouard-Mendy
9413b19f,29,Alex Meret,it ITA,GK,it Napoli,25,1997,10,10,900,10.0,8,0.80,30,21,76.7,7,1,2,4,40.0,2,1,1,0,50.0,Matches,https://fbref.com/en/players/9413b19f/Alex-Meret
b56dd813,30,Alexander Meyer,de GER,GK,de Dortmund,31,1991,5,4,405,4.5,5,1.11,17,12,76.5,2,0,2,1,25.0,1,1,0,0,0.0,Matches,https://fbref.com/en/players/b56dd813/Alexander-Meyer
d436eb94,31,Simon Mignolet,be BEL,GK,be Club Brugge,34,1988,8,8,720,8.0,11,1.37,45,34,80.0,3,2,3,5,62.5,3,2,0,1,0.0,Matches,https://fbref.com/en/players/d436eb94/Simon-Mignolet
8778c910,32,Manuel Neuer,de GER,GK,de Bayern Munich,36,1986,3,3,270,3.0,0,0.00,9,9,100.0,3,0,0,3,100.0,0,0,0,0,,Matches,https://fbref.com/en/players/8778c910/Manuel-Neuer
ee8508c0,33,Jan Oblak,si SVN,GK,es Atlético Madrid,29,1993,5,5,450,5.0,7,1.40,22,15,72.7,1,2,2,1,20.0,1,1,0,0,0.0,Matches,https://fbref.com/en/players/ee8508c0/Jan-Oblak
e9c0c1b2,34,André Onana,cm CMR,GK,it Inter,26,1996,13,13,1170,13.0,11,0.85,57,47,80.7,7,3,3,8,61.5,0,0,0,0,,Matches,https://fbref.com/en/players/e9c0c1b2/Andre-Onana
c1242d4e,35,Stefan Ortega,de GER,GK,eng Manchester City,29,1992,2,2,180,2.0,1,0.50,6,5,83.3,1,1,0,1,50.0,0,0,0,0,,Matches,https://fbref.com/en/players/c1242d4e/Stefan-Ortega
3392603d,36,Remko Pasveer,nl NED,GK,nl Ajax,38,1983,6,6,540,6.0,16,2.67,37,21,62.2,2,0,4,1,16.7,2,2,0,0,0.0,Matches,https://fbref.com/en/players/3392603d/Remko-Pasveer
cc1c5035,37,Iñaki Peña,es ESP,GK,es Barcelona,23,1999,1,1,90,1.0,2,2.00,8,6,87.5,1,0,0,0,0.0,1,1,0,0,0.0,Matches,https://fbref.com/en/players/cc1c5035/Inaki-Pena
4c62d0c8,38,Mattia Perin,it ITA,GK,it Juventus,29,1992,2,2,180,2.0,4,2.00,13,9,76.9,0,0,2,0,0.0,1,1,0,0,0.0,Matches,https://fbref.com/en/players/4c62d0c8/Mattia-Perin
4535e4bb,39,Mathew Ryan,au AUS,GK,dk FC Copenhagen,30,1992,2,2,180,2.0,3,1.50,6,3,50.0,0,1,1,1,50.0,0,0,0,0,,Matches,https://fbref.com/en/players/4535e4bb/Mathew-Ryan
420c18a1,40,Yann Sommer,ch SUI,GK,de Bayern Munich,33,1988,4,4,360,4.0,4,1.00,17,13,76.5,2,1,1,2,50.0,1,0,0,1,,Matches,https://fbref.com/en/players/420c18a1/Yann-Sommer
eca17cf2,41,Jindřich Staněk,cz CZE,GK,cz Viktoria Plzeň,26,1996,5,5,450,5.0,19,3.80,42,23,54.8,0,0,5,0,0.0,0,0,0,0,,Matches,https://fbref.com/en/players/eca17cf2/Jindrich-Stanek
01b8a2b2,42,Wojciech Szczęsny,pl POL,GK,it Juventus,32,1990,4,4,360,4.0,9,2.25,19,10,57.9,1,0,3,0,0.0,1,1,0,0,0.0,Matches,https://fbref.com/en/players/01b8a2b2/Wojciech-Szczesny
b056e3da,43,Ciprian Tătărușanu,ro ROU,GK,it Milan,36,1986,5,5,450,5.0,5,1.00,25,20,84.0,3,0,2,3,60.0,1,1,0,0,0.0,Matches,https://fbref.com/en/players/b056e3da/Ciprian-Tatarusanu
6f51e382,44,Marc-André ter Stegen,de GER,GK,es Barcelona,30,1992,5,5,450,5.0,10,2.00,22,12,54.5,1,1,3,0,0.0,0,0,0,0,,Matches,https://fbref.com/en/players/6f51e382/Marc-Andre-ter-Stegen
ce17b5eb,45,Kevin Trapp,de GER,GK,de Eint Frankfurt,32,1990,8,8,720,8.0,13,1.62,41,27,73.2,3,1,4,2,25.0,4,2,1,1,33.3,Matches,https://fbref.com/en/players/ce17b5eb/Kevin-Trapp
41f0b196,46,Anatolii Trubin,ua UKR,GK,ua Shakhtar,20,2001,6,6,540,6.0,10,1.67,38,30,73.7,1,3,2,0,0.0,0,0,0,0,,Matches,https://fbref.com/en/players/41f0b196/Anatolii-Trubin
d3dc62d1,47,Marián Tvrdoň,sk SVK,GK,cz Viktoria Plzeň,27,1994,1,1,90,1.0,5,5.00,13,8,61.5,0,0,1,0,0.0,0,0,0,0,,Matches,https://fbref.com/en/players/d3dc62d1/Marian-Tvrdon
7d3e7da6,48,Sven Ulreich,de GER,GK,de Bayern Munich,33,1988,3,3,270,3.0,2,0.67,10,8,80.0,3,0,0,2,66.7,0,0,0,0,,Matches,https://fbref.com/en/players/7d3e7da6/Sven-Ulreich
03df04ff,49,Odisseas Vlachodimos,gr GRE,GK,pt Benfica,28,1994,10,10,900,10.0,13,1.30,31,18,67.7,6,3,1,2,20.0,3,3,0,0,0.0,Matches,https://fbref.com/en/players/03df04ff/Odisseas-Vlachodimos
